timeOpen,timeClose,timeHigh,timeLow,priceOpen,priceHigh,priceLow,priceClose,volume
1742558400000,1742644799999,1742636280000,1742617320000,127.4988533,129.9562429,124.9773704,128.4303105,2370317364
1742472000000,1742558399999,1742472900000,1742532780000,135.5741637,135.7726203,126.8535757,127.497185,2469659459
1742385600000,1742471999999,1742471580000,1742395740000,125.3122893,135.9255225,124.2973238,135.5725097,3539287974
1742299200000,1742385599999,1742299200000,1742348940000,128.1613449,128.1613449,121.9445333,125.3126981,2534317858
1742212800000,1742299199999,1742283600000,1742267220000,125.9874179,130.5268763,125.8619001,128.1637087,2487364373
1742126400000,1742212799999,1742130660000,1742209800000,135.9168003,136.4689937,125.3874084,125.9881048,2456569508
1742040000000,1742126399999,1742103240000,1742070180000,133.3132499,136.4813419,132.5599594,135.9125413,1844463215
1741953600000,1742039999999,1742036280000,1741954260000,123.2865979,135.643476,123.1171529,133.3144773,3161542602
1741867200000,1741953599999,1741912260000,1741942320000,126.5832408,128.1586327,120.9094795,123.2861485,2871050068
1741780800000,1741867199999,1741826040000,1741797720000,125.261899,130.6551118,121.3675605,126.5832408,4112201839
1741694400000,1741780799999,1741766460000,1741697580000,118.2916746,128.1488599,113.1892123,125.2639431,5259428587
1741608000000,1741694399999,1741641900000,1741676460000,126.4354343,131.2409455,115.9178946,118.2917513,5519806938
1741521600000,1741607999999,1741549440000,1741605000000,136.9428278,139.725765,125.9357144,126.4354343,3429886567
1741435200000,1741521599999,1741439280000,1741497180000,139.2091383,140.9045777,135.4829674,136.942074,2270939562
1741348800000,1741435199999,1741417320000,1741352160000,143.355223,150.0232503,135.7171631,139.2091383,6090751623
1741262400000,1741348799999,1741301880000,1741332720000,146.2706614,152.7792454,142.7803908,143.3552258,4204376336
1741176000000,1741262399999,1741214940000,1741231860000,144.918815,149.4854753,140.5968658,146.2673001,4501939048
1741089600000,1741175999999,1741167120000,1741149420000,142.0331949,146.3964618,131.5734773,144.9165776,8035056091
1741003200000,1741089599999,1741003320000,1741082460000,178.4952354,178.6346472,139.7901052,142.0210888,9241009702
1740916800000,1741003199999,1741000260000,1740970200000,143.6767309,178.5085647,140.2975745,178.4954964,11540413390
1740830400000,1740916799999,1740837480000,1740880320000,148.0302077,150.7871505,138.6846731,143.6757021,3305410077
1740744000000,1740830399999,1740829980000,1740760680000,137.6207666,148.1838349,125.7422194,148.0300182,7544673033
1740657600000,1740743999999,1740697260000,1740730380000,134.8316077,142.1814705,134.7297394,137.6208103,3723520943
1740571200000,1740657599999,1740583560000,1740639300000,144.0999658,144.874673,130.6910726,134.8313287,4916419994
1740484800000,1740571199999,1740564480000,1740522180000,141.9923453,146.7398752,132.4858439,144.1077506,9341433919
1740398400000,1740484799999,1740399360000,1740483480000,168.038117,169.5624892,140.5665158,141.9894919,7062261489
1740312000000,1740398399999,1740339900000,1740392940000,172.1634614,173.0360566,166.6276478,168.038117,1621130854
1740225600000,1740311999999,1740272820000,1740226020000,168.8916248,174.4655953,168.3674277,172.162853,2026581266
1740139200000,1740225599999,1740186960000,1740217560000,176.0350007,180.4339636,167.3050642,168.8916248,4684370707
1740052800000,1740139199999,1740105480000,1740055140000,169.0053449,176.5881289,167.8734583,176.0488913,3347070717
1739966400000,1740052799999,1740009480000,1739984460000,169.0854387,174.1214681,163.9593973,169.0108047,3717681436
1739880000000,1739966399999,1739891460000,1739943300000,177.6886179,178.946069,161.3054463,169.0842971,6684824301
1739793600000,1739879999999,1739800620000,1739862300000,188.4852122,189.5064948,175.2635563,177.68974,4345262539
1739707200000,1739793599999,1739730720000,1739783940000,194.4811498,196.0703194,186.979874,188.4864072,2160799161
1739620800000,1739707199999,1739628780000,1739696100000,199.886787,200.05339,192.8137775,194.4820914,1869221857
1739534400000,1739620799999,1739600100000,1739534460000,194.4545642,205.1250184,194.354056,199.9356706,3732334277
1739448000000,1739534399999,1739462460000,1739499600000,196.773809,198.2607577,189.4277262,194.4609464,2755407329
1739361600000,1739447999999,1739410080000,1739420880000,197.9838517,198.4498146,189.6084356,196.773809,4290836657
1739275200000,1739361599999,1739300100000,1739346540000,200.3589154,205.9241873,195.3215037,197.9823603,3907611299
1739188800000,1739275199999,1739239320000,1739197020000,200.4982417,208.8274928,196.3807709,200.3563615,4106376694
1739102400000,1739188799999,1739123400000,1739181300000,199.5897934,207.2746418,194.2413124,200.4975647,3380872965
1739016000000,1739102399999,1739101440000,1739042400000,192.2025418,200.8319734,190.1287761,199.5999049,2387525186
1738929600000,1739015999999,1738983600000,1739009220000,189.7577115,203.1505268,188.4807453,192.2046479,4593806344
1738843200000,1738929599999,1738868280000,1738928640000,195.9863933,203.8878223,188.1655302,189.7724991,3936545265
1738756800000,1738843199999,1738760820000,1738841640000,207.0770956,209.3187513,195.3905838,195.9881445,3826498437
1738670400000,1738756799999,1738679100000,1738750200000,216.1505134,219.9958755,202.8488451,207.0919825,7328632702
1738584000000,1738670399999,1738665060000,1738591800000,203.1215086,218.6476964,180.4093038,216.1495836,15260840772
1738497600000,1738583999999,1738501860000,1738579380000,213.7809409,218.3843824,195.4492359,203.119632,8432593480
1738411200000,1738497599999,1738417380000,1738495680000,231.640604,233.8638364,213.4364012,213.7850208,3546350864
1738324800000,1738411199999,1738372020000,1738402560000,239.0166972,241.6666014,228.4788422,231.6379114,4043216055
1738238400000,1738324799999,1738293360000,1738239300000,227.9530544,244.3259626,227.1376219,239.0231403,4636567306
1738152000000,1738238399999,1738226100000,1738222260000,227.2027921,237.7097626,222.9235079,227.944924,5385638692
1738065600000,1738151999999,1738086720000,1738150620000,235.0729604,243.8947742,225.2598643,227.2039647,5105320114
1737979200000,1738065599999,1737979800000,1738018380000,240.8853352,242.4290187,221.9753251,235.0744472,10736630238
1737892800000,1737979199999,1737909480000,1737979140000,256.073894,259.6344865,240.8524301,240.8834557,4178231600
1737806400000,1737892799999,1737873540000,1737844260000,253.3663126,260.5824844,246.6591133,256.0735784,5035419721
1737720000000,1737806399999,1737773160000,1737730260000,253.4552067,269.8057768,247.6314771,253.3612185,7483041553
1737633600000,1737719999999,1737634080000,1737681720000,257.2362323,258.1291376,242.4961847,253.4552067,9264528949
1737547200000,1737633599999,1737621540000,1737547800000,250.4137871,271.5300289,248.7515994,257.2373559,8880832578
1737460800000,1737547199999,1737529080000,1737482580000,242.236527,259.829342,231.6759255,250.4137871,10694802909
1737374400000,1737460799999,1737407460000,1737385380000,250.6249673,272.1530322,231.6345583,242.2502349,22690757561
1737288000000,1737374399999,1737328560000,1737372840000,261.8724252,294.3349487,239.6105735,250.5863587,33172955667
1737201600000,1737287999999,1737259800000,1737210720000,219.6206921,268.7465946,217.5750476,261.8697501,23186958912
1737115200000,1737201599999,1737164820000,1737117240000,211.2284052,221.8524167,209.9692497,219.6216048,5118230275
1737028800000,1737115199999,1737074940000,1737061680000,205.9219701,216.8399544,198.6625148,211.2278501,6099125467
1736942400000,1737028799999,1737028740000,1736984100000,187.4981876,205.9349573,186.0029875,205.9113386,4071481523
1736856000000,1736942399999,1736908920000,1736857140000,182.8329994,189.9373111,181.9566722,187.4985937,2748310371
1736769600000,1736855999999,1736771820000,1736822220000,188.5509236,191.7751735,170.6289813,182.8353617,5225490858
1736683200000,1736769599999,1736740500000,1736718000000,187.995333,190.7491773,185.252281,188.5603799,1544086708
1736596800000,1736683199999,1736675520000,1736635380000,187.5711793,191.7188079,184.2774289,187.9955177,2174290937
1736510400000,1736596799999,1736550420000,1736565360000,185.0131355,192.7563185,183.8667576,187.5791773,3739014100
1736424000000,1736510399999,1736429400000,1736498400000,197.5590579,198.901,182.3223275,185.0252807,3815664216
1736337600000,1736423999999,1736340000000,1736401080000,202.227875,203.0603183,188.9578856,197.5590579,5028291858
1736251200000,1736337599999,1736253420000,1736330640000,218.4129311,219.1423067,202.1249157,202.2302488,4360983978
1736164800000,1736251199999,1736223240000,1736169720000,213.3948294,222.9529721,211.6531296,218.7231333,3408034919
1736078400000,1736164799999,1736094600000,1736144280000,216.6227589,218.8784086,211.765226,213.3936292,2403765299
1735992000000,1736078399999,1736002500000,1736048640000,217.7480457,217.905046,213.8314461,216.6229287,2432220391
1735905600000,1735991999999,1735965660000,1735911600000,207.767614,219.5595312,205.6523985,217.7473329,4064420852
1735819200000,1735905599999,1735863420000,1735820520000,193.8721271,209.0667315,193.2585253,207.7670434,4230329837
1735732800000,1735819199999,1735809900000,1735767720000,189.266916,194.8184925,187.8794619,193.8737344,2324231668
1735646400000,1735732799999,1735707300000,1735665720000,191.0452985,198.6783891,187.9798766,189.2644755,3276526561
1735560000000,1735646399999,1735632240000,1735616100000,189.7442069,196.1229167,185.9375997,191.028044,3246300054
1735473600000,1735559999999,1735524480000,1735557900000,195.0224435,197.1810835,188.3410062,189.744265,2165753102
1735387200000,1735473599999,1735469700000,1735387200000,183.8333883,195.4354356,183.8333256,195.0135333,2158687217
1735300800000,1735387199999,1735335720000,1735359900000,188.2165545,193.7533562,182.9471252,183.8284695,2788285851
1735214400000,1735300799999,1735215600000,1735291020000,197.4751544,199.3979805,186.8555915,188.2181083,2864701219
1735128000000,1735214399999,1735138680000,1735171620000,196.9913684,201.6346435,195.3530411,197.4790843,2688415733
1735041600000,1735127999999,1735098360000,1735050120000,189.7536964,198.6961355,186.1152979,196.989035,3412375255
1734955200000,1735041599999,1735032180000,1734960120000,180.1742824,193.0481384,176.718891,189.7536964,4922594345
1734868800000,1734955199999,1734914160000,1734941520000,181.2868274,187.5334661,177.1340671,180.1689092,4001292417
1734782400000,1734868799999,1734810300000,1734853200000,194.2074004,201.6316952,178.7400492,181.3014577,5368845730
1734696000000,1734782399999,1734706320000,1734739320000,194.2822743,199.362195,175.9051615,194.2081688,9600073165
1734609600000,1734695999999,1734638340000,1734681360000,206.382815,211.9952101,188.0275226,194.284512,8043974299
1734523200000,1734609599999,1734524340000,1734608940000,222.8231788,225.8943885,205.0048749,206.3817427,6888988933
1734436800000,1734523199999,1734504540000,1734440700000,216.3337722,228.6862904,211.9096336,222.8167255,6445051900
1734350400000,1734436799999,1734353520000,1734397680000,223.6561243,227.0447756,213.4823982,216.3349673,5071129914
1734264000000,1734350399999,1734349980000,1734291960000,219.8407534,225.0666583,215.9107339,223.6576677,2969473030
1734177600000,1734263999999,1734200580000,1734253020000,224.8372945,227.2419457,215.3442375,219.8407534,2925240730
1734091200000,1734177599999,1734101400000,1734149220000,227.0267118,228.2730504,220.8247147,224.8372945,4029626623
1734004800000,1734091199999,1734069780000,1734011760000,227.4451135,234.3332193,225.9518911,227.0267118,4935392005
1733918400000,1734004799999,1733992140000,1733921220000,213.8352188,230.5073687,211.9931768,227.4468426,5615074058
1733832000000,1733918399999,1733834340000,1733897580000,217.3289418,220.7409813,203.7238246,213.824622,8419973004
1733745600000,1733831999999,1733745600000,1733821740000,237.4574367,237.4574367,209.7061276,217.3414683,8610208198
1733659200000,1733745599999,1733668260000,1733695020000,239.4851701,241.4407139,233.7133739,236.6723256,3204778349
1733572800000,1733659199999,1733649000000,1733585100000,237.0510703,243.1240213,234.6590525,238.5479615,4003422914
1733486400000,1733572799999,1733491920000,1733533380000,236.5414809,246.4186514,231.4259602,237.0510703,6726557034
1733400000000,1733486399999,1733444880000,1733405280000,229.1193897,244.6809572,223.4605362,233.9987004,8820663279
1733313600000,1733399999999,1733332740000,1733375940000,234.2003156,240.7195922,225.2549116,229.1192886,6569129896
1733227200000,1733313599999,1733306160000,1733279820000,225.7685644,239.2725158,216.4730304,234.2003156,8404095315
1733140800000,1733227199999,1733148120000,1733205660000,237.0654351,237.8766105,220.5511856,225.7561949,7374176295
1733054400000,1733140799999,1733056620000,1733065200000,237.7438281,239.8065745,234.5303889,237.0699247,3726118866
1732968000000,1733054399999,1732999200000,1733054340000,243.5488358,245.2368837,237.7225353,237.7437482,3549156564
1732881600000,1732967999999,1732925460000,1732886400000,237.7639814,246.7762964,236.8212415,243.5494952,4152396835
1732795200000,1732881599999,1732798020000,1732852500000,242.3004537,245.2044591,233.2028666,237.7640141,4047310070
1732708800000,1732795199999,1732794360000,1732728180000,230.97221,243.1247977,228.1300574,242.3022187,5381404312
1732622400000,1732708799999,1732645860000,1732663980000,234.4456741,239.6377977,222.9572023,230.9782014,6996936265
1732536000000,1732622399999,1732569720000,1732617600000,252.916062,256.4227094,231.5519922,234.4466045,6616015635
1732449600000,1732535999999,1732454040000,1732495560000,255.1785179,259.6256346,243.122167,252.9195256,5330146683
1732363200000,1732449599999,1732380180000,1732437060000,256.5181621,263.8315458,253.1874317,255.1785179,6234742858
1732276800000,1732363199999,1732289340000,1732344900000,257.0814204,263.700874,252.1354165,256.5186639,7249493783
1732190400000,1732276799999,1732259760000,1732200240000,235.4274057,259.0535598,230.3415731,257.0658786,10735314060
1732104000000,1732190399999,1732155120000,1732117020000,238.0925808,242.1078819,230.91056,235.4236567,6454141445
1732017600000,1732103999999,1732061280000,1732098840000,239.8008906,247.0905668,234.1530641,238.0975461,6711919414
1731931200000,1732017599999,1731970560000,1731934560000,237.5755284,248.1928163,234.401048,239.7942523,8798714213
1731844800000,1731931199999,1731876240000,1731853020000,215.847796,241.2353316,212.7281695,237.5755284,9981076722
1731758400000,1731844799999,1731778620000,1731816540000,218.5693711,221.6623697,213.8047717,215.8488273,4698955745
1731672000000,1731758399999,1731753780000,1731689520000,209.2362382,219.5387871,204.8280183,218.0949027,6109860311
1731585600000,1731671999999,1731619680000,1731670980000,215.1844707,222.6391491,207.4968043,209.2190748,8094554275
1731499200000,1731585599999,1731561480000,1731516780000,212.208015,220.3391885,201.4705777,215.1845608,11296665808
1731412800000,1731499199999,1731445380000,1731462840000,222.6416731,225.0115248,205.4478575,212.2318091,11308516682
1731326400000,1731412799999,1731410760000,1731346860000,210.6137296,223.2198011,204.5622978,222.6416731,10290809023
1731240000000,1731326399999,1731304560000,1731240720000,200.1959554,215.1790785,198.9831015,210.6137296,8564655765
1731153600000,1731239999999,1731193200000,1731215880000,199.9396102,203.3472921,195.47411,199.9486521,3223011045
1731067200000,1731153599999,1731118200000,1731078060000,196.3345907,204.9697585,196.0237373,199.9390104,5673142495
1730980800000,1731067199999,1731057000000,1731024060000,186.9547881,197.9009408,186.1360476,196.3345907,4700842780
1730894400000,1730980799999,1730976180000,1730895060000,166.7224014,189.915485,166.6982484,186.9547881,9822932731
1730808000000,1730894399999,1730869740000,1730813880000,157.7471053,169.1266524,156.9881951,166.7224014,3243848057
1730721600000,1730807999999,1730732640000,1730800740000,162.5516973,164.7139043,155.1655239,157.7471053,2809006700
1730635200000,1730721599999,1730637180000,1730690040000,166.0103488,166.3763345,158.1367705,162.5512973,2645801646
1730548800000,1730635199999,1730557860000,1730603580000,166.2621267,168.4605765,162.38702,166.0103488,1618170398
1730462400000,1730548799999,1730514120000,1730520120000,168.4302232,173.8500245,164.032553,166.2621267,3157093060
1730376000000,1730462399999,1730385480000,1730456820000,174.9250833,176.2798501,167.5767892,168.4299949,2652620406
1730289600000,1730375999999,1730308440000,1730362380000,179.3607484,181.1526674,173.3993951,174.924978,2772422773
1730203200000,1730289599999,1730264100000,1730276820000,178.1036382,183.0394379,176.8554773,179.3607484,3919545873
1730116800000,1730203199999,1730197680000,1730178480000,176.5536777,179.4079788,172.8722493,178.1049104,3623055701
1730030400000,1730116799999,1730113440000,1730031540000,170.7059572,177.8951504,170.1924487,176.5491896,2427933420
1729944000000,1730030399999,1730021820000,1729952040000,164.7560033,172.8228336,162.443366,170.7059572,2755373492
1729857600000,1729943999999,1729857900000,1729941900000,177.1571327,177.1919431,160.0352746,164.7568931,4869966180
1729771200000,1729857599999,1729853400000,1729772700000,171.1108632,178.9953062,170.5173769,177.1569404,3529481044
1729684800000,1729771199999,1729759320000,1729717980000,167.260631,173.815016,164.1938211,170.9324925,3861697575
1729598400000,1729684799999,1729652700000,1729600440000,166.2176042,170.760082,163.2853692,167.2601457,3470792372
1729512000000,1729598399999,1729530420000,1729562160000,166.9386186,171.4306627,161.810497,166.2168659,3924173188
1729425600000,1729511999999,1729510620000,1729474200000,159.6412187,167.5856405,157.7657325,166.9398161,2579198899
1729339200000,1729425599999,1729424760000,1729382460000,154.975936,159.7104158,153.9128259,159.6393589,1440375026
1729252800000,1729339199999,1729319880000,1729256520000,150.3227006,156.5374212,149.7010236,154.975936,1754226839
1729166400000,1729252799999,1729173660000,1729233420000,154.2381725,155.5516402,147.9434983,150.3160235,2157747733
1729080000000,1729166399999,1729121640000,1729106280000,154.7206303,158.137046,153.0816924,154.234226,2397546608
1728993600000,1729079999999,1729044180000,1729048260000,157.4451336,158.7157607,150.9095108,154.7206303,3451652506
1728907200000,1728993599999,1728990180000,1728908400000,147.5702591,157.7541009,147.0058365,157.4451336,2929339176
1728820800000,1728907199999,1728900420000,1728876660000,146.500339,148.7133305,144.623637,147.5724387,1294444111
1728734400000,1728820799999,1728781740000,1728747000000,145.381143,147.1369021,144.7617614,146.50029,1118630507
1728648000000,1728734399999,1728717180000,1728653760000,138.8867429,146.4306401,138.7558586,145.381143,1797846253
1728561600000,1728647999999,1728582900000,1728628080000,139.3137586,140.5805839,135.5826986,138.8884069,1770157917
1728475200000,1728561599999,1728481140000,1728550860000,143.3953391,145.1295145,138.7974344,139.3155389,1697499287
1728388800000,1728475199999,1728396600000,1728445020000,143.9917949,145.4487861,141.236376,143.3944278,1710617951
1728302400000,1728388799999,1728355440000,1728385620000,146.4435367,152.103841,143.6045908,143.9917949,2678803498
1728216000000,1728302399999,1728301560000,1728216660000,142.7117164,146.6200184,142.1142357,146.4423702,1168715645
1728129600000,1728215999999,1728160080000,1728205200000,143.1722729,144.8342883,141.1696555,142.7117389,1113937760
1728043200000,1728129599999,1728119700000,1728046980000,136.7851922,144.4267874,136.0756436,143.1722729,2361841303
1727956800000,1728043199999,1727971260000,1728013500000,140.3848989,142.8054309,133.5531694,136.7851922,2914986844
1727870400000,1727956799999,1727894940000,1727944080000,145.2898891,148.8256757,138.9187519,140.3855566,2892264150
1727784000000,1727870399999,1727823840000,1727858580000,152.6184652,157.2581937,142.8423247,145.2898891,3656164855
1727697600000,1727783999999,1727703300000,1727783040000,158.6324195,159.5089205,152.0198315,152.6184652,2376780676
1727611200000,1727697599999,1727688300000,1727641800000,156.9124268,161.6230691,155.2430836,158.6291631,1773980028
1727524800000,1727611199999,1727534280000,1727557800000,157.7519035,159.3452145,155.2993141,156.9124268,1300870644
1727438400000,1727524799999,1727491020000,1727447580000,155.5761011,160.9814071,154.1302757,157.7499343,2765830721
1727352000000,1727438399999,1727408940000,1727355240000,148.021101,157.8581512,146.8707568,155.5761011,3009969111
1727265600000,1727351999999,1727271660000,1727350680000,152.890968,153.5476448,147.4501391,148.0234294,2138602628
1727179200000,1727265599999,1727262060000,1727181780000,144.8149916,153.5362872,143.3041379,152.892154,2927238360
1727092800000,1727179199999,1727105340000,1727169720000,144.8036532,148.9704343,142.643847,144.8149916,2344229720
1727006400000,1727092799999,1727007060000,1727086140000,149.5270317,149.8658284,141.3846108,144.8036532,1597826979
1726920000000,1727006399999,1727006100000,1726936800000,146.5667989,149.8364601,144.7980284,149.5270317,1385610390
1726833600000,1726919999999,1726858680000,1726838160000,142.8365459,151.7609447,141.3161646,146.5667989,3241123621
1726747200000,1726833599999,1726817280000,1726747200000,133.991847,143.9043704,133.991847,142.8362677,2884543933
1726660800000,1726747199999,1726747140000,1726717620000,131.5370817,133.991847,127.2507626,133.991847,2260675347
1726574400000,1726660799999,1726630140000,1726578960000,131.4724361,135.4871368,130.4756959,131.5370817,1726861492
1726488000000,1726574399999,1726518480000,1726551480000,131.4993882,132.2963774,129.1380818,131.4725915,1623218789
1726401600000,1726487999999,1726409040000,1726485180000,137.179784,137.9234898,130.9698097,131.4993882,1358403273
1726315200000,1726401599999,1726327680000,1726380660000,139.1025341,139.7345786,135.9435587,137.179784,952465287.9
1726228800000,1726315199999,1726309320000,1726273740000,136.1419107,139.8325055,131.8639567,139.1005472,1668690414
1726142400000,1726228799999,1726224540000,1726142460000,132.4970798,136.6148066,132.4433359,136.1419107,1597055803
1726056000000,1726142399999,1726059000000,1726109340000,135.6349421,135.8038865,128.4340101,132.4973887,2122617674
1725969600000,1726055999999,1726036800000,1725986400000,135.0263599,137.8063548,132.6310938,135.6352182,1642358500
1725883200000,1725969599999,1725959820000,1725937260000,129.9895158,136.1865416,127.219793,135.025623,2443769044
1725796800000,1725883199999,1725877860000,1725854640000,127.7215689,131.5152413,126.8130293,129.9895158,1317794291
1725710400000,1725796799999,1725766800000,1725717300000,124.9900751,129.2908933,124.2690795,127.7215689,1321261949
1725624000000,1725710399999,1725672300000,1725699660000,129.3289512,134.1680789,121.05538,124.9900751,3520537699
1725537600000,1725623999999,1725588240000,1725609360000,133.6043653,135.0852012,128.1413761,129.3289512,1926178088
1725451200000,1725537599999,1725510900000,1725455580000,127.5775852,134.869173,123.6129542,133.6039184,2663812153
1725364800000,1725451199999,1725373260000,1725451140000,135.0023603,137.1447566,127.5742321,127.5775852,1787700523
1725278400000,1725364799999,1725363300000,1725306540000,128.6905544,135.3523833,127.2661968,135.0023603,2092221241
1725192000000,1725278399999,1725265500000,1725275760000,135.3742588,135.9978184,128.2432515,128.6905544,1974170865
1725105600000,1725191999999,1725107760000,1725178260000,138.0999966,138.9922502,134.6364358,135.3742588,892155699.2
1725019200000,1725105599999,1725021540000,1725078300000,140.0540258,141.013177,132.4513347,138.0999966,2683385690
1724932800000,1725019199999,1724989260000,1725012600000,143.8910726,147.2205851,138.2660681,140.0540258,2098251665
1724846400000,1724932799999,1724865900000,1724905440000,146.8970956,148.6949834,140.9708131,143.8913866,2932401182
1724760000000,1724846399999,1724780760000,1724841360000,157.2365798,159.6235544,145.6564072,146.8970956,2783392784
1724673600000,1724759999999,1724712540000,1724737740000,158.9115059,161.9111081,155.8844859,157.2368788,2588808155
1724587200000,1724673599999,1724667420000,1724614860000,160.7317438,161.9479685,155.5071457,158.9091253,2085078554
1724500800000,1724587199999,1724564460000,1724507160000,153.1083432,162.1693263,152.1520837,160.7317438,2749419604
1724414400000,1724500799999,1724494260000,1724467980000,143.2579298,153.7712464,143.1647801,153.1070846,2560976300
1724328000000,1724414399999,1724371500000,1724338500000,142.7096112,144.8132171,140.9344033,143.2579298,1368400829
1724241600000,1724327999999,1724314020000,1724291040000,142.3330321,144.1562953,139.2665479,142.7096112,1923259439
1724155200000,1724241599999,1724174700000,1724209680000,144.3468503,148.6486064,141.3607056,143.1677367,2124392770
1724068800000,1724155199999,1724132220000,1724105400000,142.5868822,145.9236301,140.7487134,144.3436922,2077549615
1723982400000,1724068799999,1724057220000,1723998780000,141.7985026,146.9629749,140.9596315,142.5868822,1866239536
1723896000000,1723982399999,1723979820000,1723898220000,139.330564,141.9628223,137.8663021,141.7985026,1199702073
1723809600000,1723895999999,1723834380000,1723872360000,142.7428739,144.7954488,136.3846458,139.330564,2707615564
1723723200000,1723809599999,1723782240000,1723792200000,143.9226632,147.3515445,138.1619295,142.745812,3032770371
1723636800000,1723723199999,1723682820000,1723716600000,146.7126977,151.7260476,142.7179198,143.9234652,2714536693
1723550400000,1723636799999,1723611840000,1723564320000,146.4545605,149.6101156,143.1520265,146.7126977,2224488388
1723464000000,1723550399999,1723507080000,1723464060000,141.5320759,150.8146378,141.4408028,146.4542413,3380174341
1723377600000,1723463999999,1723411500000,1723463220000,153.9616682,157.9319007,141.3482977,141.526853,2411765937
1723291200000,1723377599999,1723292700000,1723308720000,156.4572214,158.5860623,152.8730501,153.959166,1662980960
1723204800000,1723291199999,1723204860000,1723262700000,162.9307453,163.2494878,151.2261314,156.4572214,3217916997
1723118400000,1723204799999,1723204680000,1723120860000,144.6324702,163.0259165,142.019934,162.9307453,5385642745
1723032000000,1723118399999,1723052400000,1723102560000,144.0882143,155.0077996,142.7468998,144.6320998,5529725414
1722945600000,1723031999999,1723025940000,1722945660000,129.862946,149.3529695,129.7885687,144.0903685,5813459735
1722859200000,1722945599999,1722859620000,1722907800000,138.0526884,139.1414643,110.6095578,129.8642996,14114308949
1722772800000,1722859199999,1722782160000,1722836760000,142.9219457,145.837661,132.1396717,138.0550835,4333596296
1722686400000,1722772799999,1722687900000,1722753240000,152.6382267,153.776849,140.2214034,142.9220023,3620526646
1722600000000,1722686399999,1722601320000,1722671520000,167.6605344,169.0439627,150.0849905,152.6382267,4507521137
1722513600000,1722599999999,1722514080000,1722581160000,171.8256617,172.6898082,157.9883944,167.6721213,4402828194
1722427200000,1722513599999,1722462420000,1722513540000,179.1080546,184.1794444,171.8192,171.8261567,3055204208
1722340800000,1722427199999,1722359040000,1722413460000,182.7715934,184.1801369,176.0224226,179.1071945,2766172800
1722254400000,1722340799999,1722274980000,1722338340000,184.8871849,193.7322825,181.8853637,182.7806006,3654304391
1722168000000,1722254399999,1722218340000,1722186660000,184.0859928,186.5146189,181.3953421,184.8860789,1852374783
1722081600000,1722167999999,1722131520000,1722155220000,183.138093,188.1405943,178.5983561,184.0854046,3248901126
1721995200000,1722081599999,1722079200000,1721995260000,171.9625679,183.5383559,171.8778948,183.1367135,2816314095
1721908800000,1721995199999,1721911920000,1721981640000,178.029521,179.5209327,165.9325373,171.9630805,4067186719
1721822400000,1721908799999,1721886480000,1721826060000,172.758515,182.3576123,171.2104148,178.0322984,3112174836
1721736000000,1721822399999,1721737140000,1721797980000,178.9782855,180.4961537,170.9885338,172.7575696,3230351478
1721649600000,1721735999999,1721650200000,1721681700000,184.5455685,184.7924648,177.0441348,178.9782855,2808509242
1721563200000,1721649599999,1721646420000,1721628780000,173.8937399,184.8703083,171.1182103,184.5416092,3080452915
1721476800000,1721563199999,1721556720000,1721524740000,169.182613,174.8312984,167.5573146,173.8917905,1908476088
1721390400000,1721476799999,1721448240000,1721395320000,159.0923378,171.5067484,156.6065407,169.1858732,3617009839
1721304000000,1721390399999,1721352480000,1721369940000,155.5910486,161.5871629,155.5660444,159.0724218,2044591406
1721217600000,1721303999999,1721222340000,1721278080000,160.5632958,163.5952236,155.0670286,155.5840999,2255652667
1721131200000,1721217599999,1721201460000,1721162100000,159.7733302,162.4695157,153.0537313,160.5518767,3034234774
1721044800000,1721131199999,1721131080000,1721045880000,147.666134,159.9420596,147.2028872,159.9339703,2580623500
1720958400000,1721044799999,1721043780000,1720958400000,141.9266566,148.5470562,141.9266566,147.6223179,2009294488
1720872000000,1720958399999,1720956120000,1720890120000,139.5264047,143.3674394,138.1795306,141.9249728,1131518484
1720785600000,1720871999999,1720853460000,1720823040000,135.864026,140.424778,134.1591556,139.5280131,1990173458
1720699200000,1720785599999,1720744800000,1720784580000,141.9828077,145.3244281,135.8475213,135.8832263,2286890972
1720612800000,1720699199999,1720631400000,1720616700000,141.3741493,145.8537104,138.8560483,141.9747976,1952272010
1720526400000,1720612799999,1720557960000,1720533840000,139.5373528,143.9293848,136.7409379,141.3484539,2418798702
1720440000000,1720526399999,1720482720000,1720443960000,131.7970311,141.6341166,128.5629264,139.4637043,3692404575
1720353600000,1720439999999,1720353600000,1720439940000,143.1870599,143.1870599,131.7740977,131.7740977,1842515124
1720267200000,1720353599999,1720343220000,1720275720000,134.3632968,144.0084732,132.6132936,143.2411729,2078535871
1720180800000,1720267199999,1720249080000,1720196400000,127.6050736,135.8457953,122.4423093,134.3693427,4644036182
1720094400000,1720180799999,1720096980000,1720180740000,140.7153249,142.514858,127.5508229,127.5508229,3243822145
1720008000000,1720094399999,1720009500000,1720084920000,153.7111329,154.1979943,139.5172641,140.7314159,2813419415
1719921600000,1720007999999,1720005720000,1719922800000,146.5885465,154.7129738,146.1205458,153.7004816,2024773533
1719835200000,1719921599999,1719893040000,1719878100000,146.4812748,148.7985062,145.8228012,146.5950648,1814659116
1719748800000,1719835199999,1719830400000,1719767760000,140.012724,147.1993231,137.1413709,146.4924977,1567841881
1719662400000,1719748799999,1719700620000,1719744600000,139.7193179,142.8238572,139.6678051,140.0101495,1139066175
1719576000000,1719662399999,1719582000000,1719652380000,149.4542651,150.0515859,139.3058926,139.7034025,2396070692
1719489600000,1719575999999,1719541680000,1719514140000,136.6134235,150.7672122,135.2449996,149.4483748,2831651846
1719403200000,1719489599999,1719411540000,1719465720000,136.5549704,140.1687552,134.9257618,136.6091531,1670038554
1719316800000,1719403199999,1719372960000,1719322620000,132.2693478,139.7295834,131.2963589,136.5591976,2517391150
1719230400000,1719316799999,1719316380000,1719251160000,128.5980032,132.3112281,123.669336,132.2413923,3420423301
1719144000000,1719230399999,1719146280000,1719229380000,133.6600098,135.0058628,128.2696997,128.5904268,1063910411
1719057600000,1719143999999,1719080400000,1719060840000,134.5676517,136.4600496,133.1424875,133.6702446,948392979.5
1718971200000,1719057599999,1719054300000,1719036600000,133.4719482,135.2291612,128.9219281,134.5882979,2214701928
1718884800000,1718971199999,1718925720000,1718943000000,135.6095992,141.0752442,132.0876404,133.4729589,2343938226
1718798400000,1718884799999,1718824080000,1718883600000,137.4798131,141.6699353,134.7326339,135.6095992,2241396569
1718712000000,1718798399999,1718712240000,1718718360000,143.3146919,143.6106571,130.2890765,137.504002,4046511952
1718625600000,1718711999999,1718627880000,1718684520000,151.1372449,151.584772,140.1388058,143.334274,2244770232
1718539200000,1718625599999,1718625540000,1718557260000,145.4179694,151.1255055,143.1795296,151.1255055,1147997523
1718452800000,1718539199999,1718511000000,1718452980000,143.0740796,145.5409664,143.0236478,145.4122127,1065293341
1718366400000,1718452799999,1718411220000,1718432700000,147.2820499,148.7893335,140.1153818,143.0944439,2330458883
1718280000000,1718366399999,1718280000000,1718357340000,155.1923563,155.1923563,146.1722418,147.3144175,2085097655
1718193600000,1718279999999,1718241000000,1718199780000,149.4223158,161.5148302,145.8214476,155.1775714,2853692260
1718107200000,1718193599999,1718108700000,1718169840000,158.9341247,159.5231055,145.8651849,149.4289933,2812642453
1718020800000,1718107199999,1718078160000,1718049660000,162.0788916,162.8277551,157.7702086,158.92803,1815361482
1717934400000,1718020799999,1718003520000,1717946880000,157.9637109,162.9189729,156.7687626,162.0835976,1475878151
1717848000000,1717934399999,1717875060000,1717929000000,162.4967471,163.6201812,157.5429489,157.9689085,1722237785
1717761600000,1717847999999,1717805220000,1717827360000,170.0158353,172.43816,155.7987696,162.5070418,3298527575
1717675200000,1717761599999,1717684440000,1717747440000,173.4829154,174.3047029,167.8642114,170.0162242,1965442993
1717588800000,1717675199999,1717647240000,1717591800000,171.8019205,175.4753134,171.3829968,173.4829154,2405906612
1717502400000,1717588799999,1717588740000,1717538100000,164.9250591,171.8168184,164.515535,171.8019205,2057558426
1717416000000,1717502399999,1717488960000,1717418460000,163.2501533,167.0387594,161.8537192,164.9234645,2182487608
1717329600000,1717415999999,1717335300000,1717394760000,166.029615,166.9154817,161.6532451,163.2499076,1562269041
1717243200000,1717329599999,1717299780000,1717243260000,165.6377187,167.7370841,165.5856158,166.0306757,1058869941
1717156800000,1717243199999,1717202400000,1717215720000,166.9765379,170.6315681,163.9330873,165.6377103,2415920333
1717070400000,1717156799999,1717134180000,1717100160000,168.0726767,172.4177927,163.6839673,166.9765379,2932316784
1716984000000,1717070399999,1717007460000,1717029660000,168.6508409,173.6419461,167.3238512,168.0726767,2852496248
1716897600000,1716983999999,1716946080000,1716914220000,169.9961448,173.0171421,164.9734055,168.6508409,3342283019
1716811200000,1716897599999,1716873420000,1716811260000,163.3509089,171.9885452,163.3354471,169.9961448,2745440475
1716724800000,1716811199999,1716724800000,1716802440000,168.4376399,168.4392656,161.2638725,163.3509089,2543881488
1716638400000,1716724799999,1716678780000,1716642240000,167.7969266,170.3550524,166.1130061,168.4376399,1875205755
1716552000000,1716638399999,1716552060000,1716582480000,175.9857778,176.031482,162.8658947,167.7969266,4013502065
1716465600000,1716551999999,1716543960000,1716538200000,176.8631119,180.1652764,167.4036902,175.9857778,5117258940
1716379200000,1716465599999,1716437580000,1716396420000,178.115672,183.0676693,175.4474662,176.8607812,3833758536
1716292800000,1716379199999,1716294480000,1716363840000,186.5195209,188.4938347,174.7117065,178.1161569,4568414163
1716206400000,1716292799999,1716278460000,1716212280000,170.0913547,187.4471208,168.030446,186.5204897,4636864705
1716120000000,1716206399999,1716139020000,1716175020000,172.5392065,175.1893286,166.7326134,170.0913547,2300080451
1716033600000,1716119999999,1716070380000,1716035640000,169.5305535,175.7790921,168.9330581,172.5391323,2479657643
1715947200000,1716033599999,1716006180000,1715947200000,159.1164512,171.6060829,159.1164512,169.5305535,3371355809
1715860800000,1715947199999,1715896860000,1715923860000,158.1877657,164.3193282,156.7726234,159.1164512,3498272951
1715774400000,1715860799999,1715859840000,1715777340000,142.030396,158.6407225,141.3503326,158.1868227,3585715674
1715688000000,1715774399999,1715707560000,1715746200000,147.2790885,148.8286915,141.9068553,142.030396,2586166419
1715601600000,1715687999999,1715661420000,1715622900000,143.5208156,150.5466566,138.0328587,147.2823271,2556255769
1715515200000,1715601599999,1715536860000,1715592480000,145.3143723,147.5714779,142.8818432,143.5208156,936690341.2
1715428800000,1715515199999,1715433720000,1715469540000,146.2169665,147.4264417,143.3314042,145.3143723,1243751505
1715342400000,1715428799999,1715367900000,1715423460000,152.8528989,155.4115979,144.9388007,146.2169096,2471594251
1715256000000,1715342399999,1715338140000,1715295900000,142.2947344,153.086241,140.7896473,152.8499498,2249863780
1715169600000,1715255999999,1715179920000,1715246340000,148.1343209,149.8108952,140.1690913,142.2947344,2502237557
1715083200000,1715169599999,1715116920000,1715169480000,152.8066782,159.0534565,148.0836125,148.1343209,2687619013
1714996800000,1715083199999,1715033580000,1715008620000,145.7120476,156.6266971,145.5843174,152.8023971,2926902880
1714910400000,1714996799999,1714964460000,1714916640000,146.1350633,147.9164658,143.4784518,145.7130281,2034794725
1714824000000,1714910399999,1714863720000,1714831740000,143.7721979,148.9357482,142.5662613,146.1350633,3050187811
1714737600000,1714823999999,1714812720000,1714777800000,137.8144855,144.9600308,136.1234345,143.7725599,3216962298
1714651200000,1714737599999,1714731000000,1714671240000,134.6279756,140.2815261,128.2602881,137.8144855,3380078368
1714564800000,1714651199999,1714632840000,1714595100000,126.9625437,135.1138543,119.3848081,134.6279756,4136407963
1714478400000,1714564799999,1714481760000,1714548540000,137.7773039,139.6676508,121.6374557,126.9627085,3407320371
1714392000000,1714478399999,1714393260000,1714453260000,137.8601882,138.7387197,133.7091661,137.7766604,2464951751
1714305600000,1714391999999,1714317240000,1714390920000,141.2891619,144.513878,137.2330237,137.8564123,1959005342
1714219200000,1714305599999,1714291440000,1714223940000,139.1043467,142.8745174,134.0289077,141.2891619,2373155947
1714132800000,1714219199999,1714184340000,1714215480000,144.8891793,145.854609,138.9083934,139.1043467,2564389027
1714046400000,1714132799999,1714049220000,1714094520000,147.7496128,149.3037535,142.2645694,144.8921248,3674969172
1713960000000,1714046399999,1714003860000,1714043040000,154.701305,159.5809054,145.770576,147.7451445,3932336720
1713873600000,1713959999999,1713937620000,1713901080000,157.0312258,159.9446,153.3231176,154.701305,2750685937
1713787200000,1713873599999,1713869940000,1713796080000,148.6093128,158.3727066,146.9916954,157.0312258,2959650502
1713700800000,1713787199999,1713712380000,1713760920000,151.1340837,153.4222541,147.1695198,148.6093128,2211663291
1713614400000,1713700799999,1713687300000,1713618420000,142.6784588,152.0991841,140.0057102,151.1335642,2795892211
1713528000000,1713614399999,1713586020000,1713538140000,142.082397,147.3337851,128.8628308,142.680496,5857667913
1713441600000,1713527999999,1713525540000,1713471840000,131.8671775,143.7273609,128.0767587,142.082397,4193561506
1713355200000,1713441599999,1713373140000,1713413280000,136.2791069,142.6043901,127.5289524,131.8661774,4888546522
1713268800000,1713355199999,1713274560000,1713327780000,138.5075689,140.2783086,126.8652811,136.2793233,5156084639
1713182400000,1713268799999,1713206580000,1713251220000,151.2994342,155.9611649,134.5725537,138.5086277,5699439234
1713096000000,1713182399999,1713180120000,1713107760000,139.3416873,152.5010114,131.2871726,151.2849466,7110974218
1713009600000,1713095999999,1713029100000,1713082200000,153.6344829,154.9439563,119.8333404,139.3416873,8976793985
1712923200000,1713009599999,1712945040000,1712990220000,172.5763648,175.8086349,145.5163828,153.6354719,4727185451
1712836800000,1712923199999,1712904180000,1712879940000,173.4373602,176.23552,170.393426,172.5763648,2712334365
1712750400000,1712836799999,1712831880000,1712796060000,172.4142648,175.322612,163.8131319,173.4373602,3344074648
1712664000000,1712750399999,1712665140000,1712718780000,180.7795148,180.8256818,169.3677618,172.4136164,2688188866
1712577600000,1712663999999,1712612280000,1712589180000,179.6506914,184.3028663,175.5899774,180.7847715,2744377905
1712491200000,1712577599999,1712498760000,1712570820000,178.9153448,182.5382145,177.0657896,179.6498528,1854793003
1712404800000,1712491199999,1712489460000,1712414340000,174.5015098,179.6975285,173.8743059,178.9153448,4672922789
1712318400000,1712404799999,1712322060000,1712363940000,183.958119,184.9777882,168.2360744,174.5015098,7398400404
1712232000000,1712318399999,1712297100000,1712247960000,185.2486039,190.0696851,180.5122945,183.958119,4101220964
1712145600000,1712231999999,1712169120000,1712148000000,181.1727226,191.6926729,177.3955072,185.2486039,4160370221
1712059200000,1712145599999,1712059200000,1712108580000,192.5678237,192.5694321,176.1320815,181.1722575,4553269015
1711972800000,1712059199999,1711978320000,1712030160000,202.874434,204.1797658,187.488898,192.5678237,3872515434
1711886400000,1711972799999,1711972680000,1711898400000,194.3757979,203.0267871,194.0353212,202.8741312,2342185476
1711800000000,1711886399999,1711820400000,1711801680000,192.2278543,199.7309416,191.2167746,194.3855423,2999311846
1711713600000,1711799999999,1711797900000,1711750020000,189.6216335,192.9698132,183.6461581,192.2279557,3031009580
1711627200000,1711713599999,1711711320000,1711640700000,186.3614673,190.8834699,180.9976151,189.6216335,2910414256
1711540800000,1711627199999,1711545300000,1711599360000,190.6999854,192.4965834,180.4204444,186.3614673,3844985014
1711454400000,1711540799999,1711481460000,1711516620000,189.0833875,196.2930412,186.7528261,190.699865,3520179571
1711368000000,1711454399999,1711430160000,1711371660000,183.5734516,194.4302652,181.2523512,189.083539,4066489821
1711281600000,1711367999999,1711365060000,1711296300000,172.8978673,186.6294246,171.6737276,183.5734516,2661231893
1711195200000,1711281599999,1711247880000,1711208280000,174.3637086,178.8001094,171.0169698,172.9022483,2711581881